-- phpMyAdmin SQL Dump
-- version 4.8.5
-- https://www.phpmyadmin.net/
--
-- Host: custsql-ipg81.eigbox.net
-- Generation Time: Aug 23, 2022 at 06:35 AM
-- Server version: 5.6.49-89.0-log
-- PHP Version: 7.0.33-0ubuntu0.16.04.14

SET SQL_MODE = "NO_AUTO_VALUE_ON_ZERO";
SET AUTOCOMMIT = 0;
START TRANSACTION;
SET time_zone = "+00:00";


/*!40101 SET @OLD_CHARACTER_SET_CLIENT=@@CHARACTER_SET_CLIENT */;
/*!40101 SET @OLD_CHARACTER_SET_RESULTS=@@CHARACTER_SET_RESULTS */;
/*!40101 SET @OLD_COLLATION_CONNECTION=@@COLLATION_CONNECTION */;
/*!40101 SET NAMES utf8mb4 */;

--
-- Database: `quickmath`
--
CREATE DATABASE IF NOT EXISTS `quickmath` DEFAULT CHARACTER SET latin1 COLLATE latin1_swedish_ci;
USE `quickmath`;

-- --------------------------------------------------------

--
-- Table structure for table `player`
--

CREATE TABLE `player` (
  `id` int(11) NOT NULL,
  `name` varchar(255) NOT NULL,
  `scoreID` int(11) NOT NULL
) ENGINE=InnoDB DEFAULT CHARSET=latin1;

--
-- Dumping data for table `player`
--

INSERT INTO `player` (`id`, `name`, `scoreID`) VALUES
(1, 'Joao', 1),
(2, 'Joao', 2),
(3, 'Isac', 3),
(4, 'k', 4),
(5, 'thunder', 5),
(6, 'Thunder', 6),
(7, 'Isac', 7),
(8, 'Isac', 8),
(9, 'Isac', 9),
(10, 'NOBEL prize winner in maths', 10),
(11, 'NOBEL prize,  winner in maths', 11),
(12, 'This suckx 😂', 12),
(13, 'Iris', 13),
(14, 'Iris', 14),
(15, 'Iris', 15),
(16, 'Hanzy', 16),
(17, 'Thunder God', 17),
(18, 'ThunderGOD!', 18),
(19, 'Isac', 19),
(20, 'axa', 20),
(21, 'Isac', 21),
(22, 'ThunderGod', 22);

-- --------------------------------------------------------

--
-- Table structure for table `question`
--

CREATE TABLE `question` (
  `id` int(11) NOT NULL,
  `questionText` varchar(255) NOT NULL,
  `rightAnwser` int(11) NOT NULL DEFAULT '0',
  `chosenAnwser` int(11) NOT NULL DEFAULT '0',
  `dificulty` int(11) NOT NULL DEFAULT '0',
  `playerID` int(11) NOT NULL
) ENGINE=InnoDB DEFAULT CHARSET=latin1;

--
-- Dumping data for table `question`
--

INSERT INTO `question` (`id`, `questionText`, `rightAnwser`, `chosenAnwser`, `dificulty`, `playerID`) VALUES
(1, '8 - 13', -5, -5, 1, 1),
(2, '14 + 21', 35, 28, 1, 1),
(3, '16 + 13', 29, 0, 1, 1),
(4, '7 * 5', 35, 74, 1, 2),
(5, '9 - 20', -11, -11, 1, 2),
(6, '18 + 3', 21, 21, 1, 2),
(7, '13 - 14', -1, 0, 1, 2),
(8, '2 - 2', 0, 0, 1, 3),
(9, '21 - 4', 17, 54, 1, 3),
(10, '2 * 2', 4, 0, 1, 3),
(11, '1 * 9', 9, -31, 1, 4),
(12, '5 + 7', 12, -19, 1, 4),
(13, '5 + 15', 20, 26, 1, 4),
(14, '10 - 17', -7, 0, 1, 4),
(15, '20 + 2', 22, -24, 1, 5),
(16, '18 - 9', 9, 0, 1, 5),
(17, '19 + 21', 40, 40, 1, 6),
(18, '20 * 15', 300, 300, 1, 6),
(19, '4 * 8', 32, 32, 1, 6),
(20, '14 * 19', 266, 298, 1, 6),
(21, '1 + 9', 10, 10, 1, 6),
(22, '7 + 5', 12, 12, 1, 6),
(23, '14 * 19', 266, 274, 1, 6),
(24, '12 + 12', 24, 24, 1, 6),
(25, '19 - 10', 9, 9, 1, 6),
(26, '20 * 12', 240, 260, 1, 6),
(27, '3 * 3', 9, 9, 1, 6),
(28, '14 - 20', -6, -6, 1, 6),
(29, '9 + 14', 23, 23, 1, 6),
(30, '10 * 12', 120, 120, 1, 6),
(31, '21 * 21', 441, 444, 1, 6),
(32, '10 * 7', 70, 70, 1, 6),
(33, '12 + 20', 32, 32, 1, 6),
(34, '16 + 8', 24, 24, 1, 6),
(35, '3 * 1', 3, 3, 1, 6),
(36, '4 * 2', 8, 8, 1, 6),
(37, '41 * 25', 1025, 1038, 2, 6),
(38, '3 * 4', 12, 12, 1, 6),
(39, '6 * 16', 96, 144, 1, 6),
(40, '11 + 9', 20, 20, 1, 6),
(41, '14 - 13', 1, 1, 1, 6),
(42, '2 + 1', 3, 3, 1, 6),
(43, '2 * 21', 42, 0, 1, 6),
(44, '10 + 20', 30, 30, 1, 7),
(45, '10 + 5', 15, 15, 1, 7),
(46, '4 + 11', 15, 15, 1, 7),
(47, '17 - 21', -4, -4, 1, 7),
(48, '9 + 3', 12, 12, 1, 7),
(49, '42 + 7', 49, 49, 2, 7),
(50, '25 * 18', 450, 411, 2, 7),
(51, '18 * 13', 234, 234, 1, 7),
(52, '19 + 20', 39, 39, 1, 7),
(53, '20 - 12', 8, 8, 1, 7),
(54, '9 + 10', 19, 19, 1, 7),
(55, '21 - 10', 11, 11, 1, 7),
(56, '8 + 20', 28, 28, 2, 7),
(57, '51 - 9', 42, 0, 2, 7),
(58, '19 + 7', 26, 26, 1, 8),
(59, '11 * 17', 187, 187, 1, 8),
(60, '9 + 9', 18, 18, 1, 8),
(61, '6 + 18', 24, 24, 1, 8),
(62, '12 + 16', 28, 28, 1, 8),
(63, '10 - 29', -19, -19, 2, 8),
(64, '18 * 35', 630, 630, 2, 8),
(65, '27 * 38', 1026, 1073, 2, 8),
(66, '18 - 12', 6, 6, 1, 8),
(67, '18 * 12', 216, 216, 1, 8),
(68, '2 + 5', 7, 7, 1, 8),
(69, '6 - 17', -11, -11, 1, 8),
(70, '15 - 14', 1, 1, 1, 8),
(71, '3 + 4', 7, 7, 2, 8),
(72, '12 - 45', -33, -33, 2, 8),
(73, '35 * 37', 1295, 1340, 2, 8),
(74, '20 + 14', 34, 34, 1, 8),
(75, '13 * 14', 182, 182, 1, 8),
(76, '9 + 2', 11, 0, 1, 8),
(77, '4 + 2', 6, 6, 1, 9),
(78, '12 - 12', 0, 0, 1, 9),
(79, '1 * 8', 8, 8, 1, 9),
(80, '2 - 12', -10, -10, 1, 9),
(81, '1 * 14', 14, 14, 1, 9),
(82, '5 - 47', -42, -42, 2, 9),
(83, '16 * 43', 688, 714, 2, 9),
(84, '13 + 8', 21, 21, 1, 9),
(85, '6 * 3', 18, 18, 1, 9),
(86, '14 + 20', 34, 34, 1, 9),
(87, '6 - 13', -7, -7, 1, 9),
(88, '18 * 3', 54, 54, 1, 9),
(89, '7 - 7', 0, 0, 2, 9),
(90, '10 * 27', 270, 270, 2, 9),
(91, '18 * 30', 540, 540, 2, 9),
(92, '26 + 4', 30, 30, 2, 9),
(93, '4 - 51', -47, -47, 2, 9),
(94, '38 + 63 * 25', 1613, 1594, 3, 9),
(95, '8 + 18', 26, 26, 1, 9),
(96, '11 * 4', 44, 44, 1, 9),
(97, '17 + 19', 36, 0, 1, 9),
(98, '21 + 7', 28, 28, 1, 10),
(99, '7 - 17', -10, 10, 1, 10),
(100, '1 + 12', 13, 13, 1, 10),
(101, '9 + 3', 12, 12, 1, 10),
(102, '16 + 18', 34, 34, 1, 10),
(103, '9 + 21', 30, 30, 1, 10),
(104, '10 + 21', 31, 31, 1, 10),
(105, '14 - 8', 6, 6, 2, 10),
(106, '6 - 7', -1, -1, 2, 10),
(107, '43 + 4', 47, 47, 2, 10),
(108, '46 + 27', 73, 73, 2, 10),
(109, '3 * 9', 27, 0, 2, 10),
(110, '21 + 7', 28, 28, 1, 11),
(111, '7 - 17', -10, 10, 1, 11),
(112, '1 + 12', 13, 13, 1, 11),
(113, '9 + 3', 12, 12, 1, 11),
(114, '16 + 18', 34, 34, 1, 11),
(115, '9 + 21', 30, 30, 1, 11),
(116, '10 + 21', 31, 31, 1, 11),
(117, '14 - 8', 6, 6, 2, 11),
(118, '6 - 7', -1, -1, 2, 11),
(119, '43 + 4', 47, 47, 2, 11),
(120, '46 + 27', 73, 73, 2, 11),
(121, '3 * 9', 27, 0, 2, 11),
(122, '7 + 18', 25, 25, 1, 12),
(123, '19 * 1', 19, 19, 1, 12),
(124, '9 - 16', -7, -7, 1, 12),
(125, '4 + 10', 14, 14, 1, 12),
(126, '10 + 13', 23, 23, 1, 12),
(127, '6 + 15', 21, 21, 2, 12),
(128, '37 - 42', -5, -5, 2, 12),
(129, '27 * 4', 108, 86, 2, 12),
(130, '21 + 4', 25, 25, 1, 12),
(131, '5 + 8', 13, 0, 1, 12),
(132, '9 + 20', 29, 29, 1, 13),
(133, '2 + 8', 10, 10, 1, 13),
(134, '18 - 9', 9, 9, 1, 13),
(135, '19 * 1', 19, 19, 1, 13),
(136, '18 - 13', 5, 5, 1, 13),
(137, '49 + 38', 87, 87, 2, 13),
(138, '28 * 3', 84, 84, 2, 13),
(139, '46 - 9', 37, 37, 2, 13),
(140, '11 - 44', -33, -33, 2, 13),
(141, '12 + 47', 59, 59, 2, 13),
(142, '2 * 27 * 10', 540, 0, 3, 13),
(143, '20 + 17', 37, 37, 1, 14),
(144, '1 - 15', -14, -14, 1, 14),
(145, '19 * 16', 304, 291, 1, 14),
(146, '5 + 1', 6, 6, 1, 14),
(147, '7 - 21', -14, -14, 1, 14),
(148, '6 * 12', 72, 72, 1, 14),
(149, '11 + 12', 23, 23, 1, 14),
(150, '11 + 19', 30, 30, 1, 14),
(151, '29 - 1', 28, 28, 2, 14),
(152, '17 + 16', 33, 33, 2, 14),
(153, '19 - 26', -7, -7, 2, 14),
(154, '1 + 9', 10, 10, 2, 14),
(155, '17 * 34', 578, 535, 2, 14),
(156, '19 - 8', 11, 11, 1, 14),
(157, '17 + 15', 32, 32, 1, 14),
(158, '3 + 8', 11, 0, 1, 14),
(159, '10 - 1', 9, 9, 1, 15),
(160, '8 - 2', 6, 6, 1, 15),
(161, '8 + 3', 11, 11, 1, 15),
(162, '19 + 1', 20, 20, 1, 15),
(163, '18 + 3', 21, 21, 1, 15),
(164, '35 + 27', 62, 62, 2, 15),
(165, '51 * 38', 1938, 1977, 2, 15),
(166, '18 + 12', 30, 30, 1, 15),
(167, '10 + 3', 13, 13, 1, 15),
(168, '11 - 13', -2, -2, 1, 15),
(169, '20 * 15', 300, 300, 1, 15),
(170, '18 - 3', 15, 15, 1, 15),
(171, '9 - 19', -10, -10, 2, 15),
(172, '5 + 20', 25, 25, 2, 15),
(173, '38 * 41', 1558, 1578, 2, 15),
(174, '4 * 18', 72, 72, 1, 15),
(175, '10 + 13', 23, 23, 1, 15),
(176, '20 * 14', 280, 280, 1, 15),
(177, '15 + 6', 21, 0, 1, 15),
(178, '7 * 15', 105, 105, 1, 16),
(179, '15 + 3', 18, 18, 1, 16),
(180, '11 - 18', -7, -7, 1, 16),
(181, '16 * 4', 64, 64, 1, 16),
(182, '15 + 7', 22, 22, 1, 16),
(183, '43 + 34', 77, 77, 2, 16),
(184, '27 + 42', 69, 0, 2, 16),
(185, '13 - 10', 3, 3, 1, 17),
(186, '1 * 14', 14, 14, 1, 17),
(187, '5 * 16', 80, 80, 1, 17),
(188, '4 * 19', 76, 76, 1, 17),
(189, '17 + 6', 23, 23, 1, 17),
(190, '34 * 51', 1734, 1734, 2, 17),
(191, '46 + 25', 71, 71, 2, 17),
(192, '13 + 44', 57, 57, 2, 17),
(193, '19 + 1', 20, 20, 2, 17),
(194, '47 + 31', 78, 78, 2, 17),
(195, '50 * 8 - 54', 346, 346, 3, 17),
(196, '7 - 58 + 3', -48, 0, 3, 17),
(197, '11 - 5', 6, 6, 1, 18),
(198, '21 - 11', 10, 10, 1, 18),
(199, '9 - 2', 7, 7, 1, 18),
(200, '18 - 14', 4, 4, 1, 18),
(201, '1 * 9', 9, 9, 1, 18),
(202, '39 * 30', 1170, 1170, 2, 18),
(203, '14 * 28', 392, 398, 2, 18),
(204, '13 * 1', 13, 13, 1, 18),
(205, '11 * 7', 77, 77, 1, 18),
(206, '16 - 18', -2, -2, 1, 18),
(207, '10 - 6', 4, 4, 1, 18),
(208, '9 - 5', 4, 4, 1, 18),
(209, '44 + 46', 90, 90, 2, 18),
(210, '4 * 45', 180, 180, 2, 18),
(211, '36 + 11', 47, 47, 2, 18),
(212, '42 * 6', 252, 252, 2, 18),
(213, '27 + 50', 77, 77, 2, 18),
(214, '1 + 37 - 41', -3, -3, 3, 18),
(215, '58 - 76 + 51', 33, 33, 3, 18),
(216, '65 + 47 - 62', 50, 0, 3, 18),
(217, '13 * 5', 65, 65, 1, 19),
(218, '16 + 10', 26, 26, 1, 19),
(219, '10 * 4', 40, 40, 1, 19),
(220, '5 * 5', 25, 25, 1, 19),
(221, '9 + 15', 24, 24, 1, 19),
(222, '1 * 12', 12, 12, 2, 19),
(223, '47 * 9', 423, 423, 2, 19),
(224, '32 + 51', 83, 83, 2, 19),
(225, '5 + 40', 45, 45, 2, 19),
(226, '48 * 13', 624, 662, 2, 19),
(227, '5 + 19', 24, 24, 1, 19),
(228, '11 + 16', 27, 27, 1, 19),
(229, '13 - 14', -1, -1, 1, 19),
(230, '13 + 1', 14, 14, 1, 19),
(231, '1 + 6', 7, 7, 1, 19),
(232, '48 + 28', 76, 76, 2, 19),
(233, '5 + 8', 13, 13, 2, 19),
(234, '3 - 28', -25, -25, 2, 19),
(235, '29 + 38', 67, 67, 2, 19),
(236, '5 - 17', -12, -12, 2, 19),
(237, '44 + 56 + 65', 165, 165, 3, 19),
(238, '7 * 21 + 61', 208, 208, 3, 19),
(239, '73 + 35 - 39', 69, 69, 3, 19),
(240, '36 * 44 * 6', 9504, 0, 3, 19),
(241, '17 * 2', 34, 0, 1, 20),
(242, '18 - 6', 12, 12, 1, 21),
(243, '4 * 20', 80, 80, 1, 21),
(244, '4 * 14', 56, 56, 1, 21),
(245, '13 - 19', -6, -6, 1, 21),
(246, '11 - 19', -8, -8, 1, 21),
(247, '22 - 32', -10, -10, 2, 21),
(248, '50 - 5', 45, 45, 2, 21),
(249, '47 - 2', 45, 45, 2, 21),
(250, '47 - 35', 12, 12, 2, 21),
(251, '28 * 35', 980, 980, 2, 21),
(252, '18 + 74 + 24', 116, 116, 3, 21),
(253, '37 - 43 * 16', -651, -651, 3, 21),
(254, '71 * 71 - 19', 5022, 4981, 3, 21),
(255, '18 * 19', 342, 0, 1, 21),
(256, '6 * 2', 12, 12, 1, 22),
(257, '13 - 2', 11, 11, 1, 22),
(258, '19 - 11', 8, 8, 1, 22),
(259, '7 * 5', 35, 30, 1, 22),
(260, '18 * 8', 144, 124, 1, 22),
(261, '6 * 11', 66, 66, 1, 22),
(262, '5 - 12', -7, -7, 1, 22),
(263, '1 + 10', 11, 11, 1, 22),
(264, '10 - 14', -4, -4, 1, 22),
(265, '13 + 10', 23, 23, 1, 22),
(266, '51 - 39', 12, 12, 2, 22),
(267, '36 + 15', 51, 51, 2, 22),
(268, '43 + 46', 89, 89, 2, 22),
(269, '33 * 21', 693, 693, 2, 22),
(270, '7 + 44', 51, 51, 2, 22),
(271, '58 * 48 - 66', 2718, 2669, 3, 22),
(272, '18 - 21', -3, -3, 1, 22),
(273, '17 * 1', 17, 17, 1, 22),
(274, '7 + 5', 12, 12, 1, 22),
(275, '20 - 7', 13, 0, 1, 22);

-- --------------------------------------------------------

--
-- Table structure for table `score`
--

CREATE TABLE `score` (
  `id` int(11) NOT NULL,
  `maxStreak` int(11) NOT NULL DEFAULT '0',
  `maxDificulty` int(11) NOT NULL DEFAULT '0',
  `score` int(11) NOT NULL DEFAULT '0'
) ENGINE=InnoDB DEFAULT CHARSET=latin1;

--
-- Dumping data for table `score`
--

INSERT INTO `score` (`id`, `maxStreak`, `maxDificulty`, `score`) VALUES
(1, 1, 1, 51),
(2, 2, 1, 103),
(3, 1, 1, 51),
(4, 0, 1, 0),
(5, 0, 1, 0),
(6, 5, 2, 1044),
(7, 6, 2, 754),
(8, 7, 2, 1085),
(9, 10, 3, 1325),
(10, 9, 2, 776),
(11, 9, 2, 776),
(12, 7, 2, 542),
(13, 10, 3, 845),
(14, 9, 2, 931),
(15, 7, 2, 1024),
(16, 6, 2, 377),
(17, 11, 3, 1028),
(18, 12, 3, 1591),
(19, 13, 3, 2128),
(20, 0, 0, 0),
(21, 12, 3, 1214),
(22, 10, 3, 1157);

--
-- Indexes for dumped tables
--

--
-- Indexes for table `player`
--
ALTER TABLE `player`
  ADD PRIMARY KEY (`id`),
  ADD KEY `scoreID` (`scoreID`);

--
-- Indexes for table `question`
--
ALTER TABLE `question`
  ADD PRIMARY KEY (`id`),
  ADD KEY `playerID` (`playerID`);

--
-- Indexes for table `score`
--
ALTER TABLE `score`
  ADD PRIMARY KEY (`id`);

--
-- AUTO_INCREMENT for dumped tables
--

--
-- AUTO_INCREMENT for table `player`
--
ALTER TABLE `player`
  MODIFY `id` int(11) NOT NULL AUTO_INCREMENT, AUTO_INCREMENT=23;

--
-- AUTO_INCREMENT for table `question`
--
ALTER TABLE `question`
  MODIFY `id` int(11) NOT NULL AUTO_INCREMENT, AUTO_INCREMENT=276;

--
-- AUTO_INCREMENT for table `score`
--
ALTER TABLE `score`
  MODIFY `id` int(11) NOT NULL AUTO_INCREMENT, AUTO_INCREMENT=23;

--
-- Constraints for dumped tables
--

--
-- Constraints for table `player`
--
ALTER TABLE `player`
  ADD CONSTRAINT `player_ibfk_1` FOREIGN KEY (`scoreID`) REFERENCES `score` (`id`);

--
-- Constraints for table `question`
--
ALTER TABLE `question`
  ADD CONSTRAINT `question_ibfk_1` FOREIGN KEY (`playerID`) REFERENCES `player` (`id`);
COMMIT;

/*!40101 SET CHARACTER_SET_CLIENT=@OLD_CHARACTER_SET_CLIENT */;
/*!40101 SET CHARACTER_SET_RESULTS=@OLD_CHARACTER_SET_RESULTS */;
/*!40101 SET COLLATION_CONNECTION=@OLD_COLLATION_CONNECTION */;
